destination,aspecto,total_tuplas,reseñas_unicas,confianza_promedio
Centro Histórico de Lima,accesibilidad,146.0,146,0.9341316831438509
Centro Histórico de Lima,aforo_multitudes,214.0,214,0.8673572054254675
Centro Histórico de Lima,alojamiento,18.0,18,0.8949448532528348
Centro Histórico de Lima,atencion_servicio,106.0,106,0.8970129537694859
Centro Histórico de Lima,atractivos,984.0,984,0.9928453968065541
Centro Histórico de Lima,clima,33.0,33,0.9101465019312772
Centro Histórico de Lima,costos,71.0,71,0.9053600329748341
Centro Histórico de Lima,gastronomia,222.0,222,0.9020058783861968
Centro Histórico de Lima,limpieza,221.0,221,0.9723725410608145
Centro Histórico de Lima,seguridad,305.0,305,0.9392386226380458
Circuito Mágico del Agua,accesibilidad,425.0,425,0.9504159231045667
Circuito Mágico del Agua,aforo_multitudes,265.0,265,0.8745777538362539
Circuito Mágico del Agua,alojamiento,21.0,21,0.8795904488790602
Circuito Mágico del Agua,atencion_servicio,130.0,130,0.9308711267434634
Circuito Mágico del Agua,atractivos,973.0,973,0.9929494590087883
Circuito Mágico del Agua,clima,69.0,69,0.8821690043677455
Circuito Mágico del Agua,costos,558.0,558,0.9227876346491571
Circuito Mágico del Agua,gastronomia,188.0,188,0.9411483438725167
Circuito Mágico del Agua,limpieza,225.0,225,0.930220425526301
Circuito Mágico del Agua,seguridad,102.0,102,0.9233057624569126
Ciudadela de Kuélap,accesibilidad,193.0,193,0.9267290549574738
Ciudadela de Kuélap,aforo_multitudes,55.0,55,0.8763825844634663
Ciudadela de Kuélap,alojamiento,10.0,10,0.9214889347553253
Ciudadela de Kuélap,atencion_servicio,131.0,131,0.9254493613279503
Ciudadela de Kuélap,atractivos,436.0,436,0.9900531260928976
Ciudadela de Kuélap,clima,51.0,51,0.9246353881031859
Ciudadela de Kuélap,costos,85.0,85,0.9210630059242249
Ciudadela de Kuélap,gastronomia,23.0,23,0.9471867214078489
Ciudadela de Kuélap,limpieza,20.0,20,0.9545752972364425
Ciudadela de Kuélap,seguridad,21.0,21,0.9304627151716323
Líneas y Geoglifos de Nasca y Palpa,accesibilidad,42.0,42,0.9484314436004275
Líneas y Geoglifos de Nasca y Palpa,aforo_multitudes,32.0,32,0.8814790956676006
Líneas y Geoglifos de Nasca y Palpa,alojamiento,5.0,5,0.9419211030006409
Líneas y Geoglifos de Nasca y Palpa,atencion_servicio,29.0,29,0.9559358666683065
Líneas y Geoglifos de Nasca y Palpa,atractivos,143.0,143,0.9876351156434813
Líneas y Geoglifos de Nasca y Palpa,clima,18.0,18,0.9086397886276245
Líneas y Geoglifos de Nasca y Palpa,costos,35.0,35,0.9168172989572797
Líneas y Geoglifos de Nasca y Palpa,gastronomia,3.0,3,0.9166968464851379
Líneas y Geoglifos de Nasca y Palpa,limpieza,4.0,4,0.9466651976108551
Líneas y Geoglifos de Nasca y Palpa,seguridad,11.0,11,0.7768976959315214
Monasterio de Santa Catalina,accesibilidad,188.0,188,0.93263672530017
Monasterio de Santa Catalina,aforo_multitudes,96.0,96,0.8566502934942642
Monasterio de Santa Catalina,alojamiento,28.0,28,0.9069754609039852
Monasterio de Santa Catalina,atencion_servicio,449.0,449,0.9269555942518408
Monasterio de Santa Catalina,atractivos,698.0,698,0.9901946885110997
Monasterio de Santa Catalina,clima,36.0,36,0.8874350190162659
Monasterio de Santa Catalina,costos,347.0,347,0.9073262890580752
Monasterio de Santa Catalina,gastronomia,15.0,15,0.9360697786013286
Monasterio de Santa Catalina,limpieza,31.0,31,0.9712791327507265
Monasterio de Santa Catalina,seguridad,4.0,4,0.95081827044487
Museo Tumbas Reales del Señor de Sipán,accesibilidad,105.0,105,0.9437654114904858
Museo Tumbas Reales del Señor de Sipán,aforo_multitudes,60.0,60,0.9031882887085279
Museo Tumbas Reales del Señor de Sipán,alojamiento,4.0,4,0.9715433716773987
Museo Tumbas Reales del Señor de Sipán,atencion_servicio,309.0,309,0.9333755580352734
Museo Tumbas Reales del Señor de Sipán,atractivos,736.0,736,0.9843840643601574
Museo Tumbas Reales del Señor de Sipán,clima,27.0,27,0.8836170037587484
Museo Tumbas Reales del Señor de Sipán,costos,131.0,131,0.9237356088088668
Museo Tumbas Reales del Señor de Sipán,gastronomia,11.0,11,0.9200909191911871
Museo Tumbas Reales del Señor de Sipán,limpieza,45.0,45,0.9886800991164313
Museo Tumbas Reales del Señor de Sipán,seguridad,27.0,27,0.9166142719763296
Museo de Sitio Huaca Pucllana,accesibilidad,199.0,199,0.9258354099551637
Museo de Sitio Huaca Pucllana,aforo_multitudes,93.0,93,0.8430423121298513
Museo de Sitio Huaca Pucllana,alojamiento,17.0,17,0.9075863501604866
Museo de Sitio Huaca Pucllana,atencion_servicio,668.0,668,0.9193639034282661
Museo de Sitio Huaca Pucllana,atractivos,763.0,763,0.9891256992345088
Museo de Sitio Huaca Pucllana,clima,92.0,92,0.8860789012649785
Museo de Sitio Huaca Pucllana,costos,297.0,297,0.9150168504377808
Museo de Sitio Huaca Pucllana,gastronomia,279.0,279,0.9062324194070687
Museo de Sitio Huaca Pucllana,limpieza,28.0,28,0.9067768773862294
Museo de Sitio Huaca Pucllana,seguridad,18.0,18,0.9258270743820403
Reserva Nacional de Paracas,accesibilidad,93.0,93,0.9430064328255192
Reserva Nacional de Paracas,aforo_multitudes,107.0,107,0.9024492538420954
Reserva Nacional de Paracas,alojamiento,10.0,10,0.9144329071044922
Reserva Nacional de Paracas,atencion_servicio,52.0,52,0.9105808689044073
Reserva Nacional de Paracas,atractivos,411.0,411,0.9894767497142736
Reserva Nacional de Paracas,clima,111.0,111,0.8756509777661916
Reserva Nacional de Paracas,costos,82.0,82,0.9134098705722065
Reserva Nacional de Paracas,gastronomia,67.0,67,0.9209101644914541
Reserva Nacional de Paracas,limpieza,163.0,163,0.9701521455144589
Reserva Nacional de Paracas,seguridad,29.0,29,0.9486060183623741
Santuario Histórico de Machu Picchu,accesibilidad,1107.0,1107,0.9140703754588733
Santuario Histórico de Machu Picchu,aforo_multitudes,676.0,676,0.8421940167803736
Santuario Histórico de Machu Picchu,alojamiento,132.0,132,0.9200421490452506
Santuario Histórico de Machu Picchu,atencion_servicio,844.0,844,0.922404953371292
Santuario Histórico de Machu Picchu,atractivos,2119.0,2119,0.9895121879513503
Santuario Histórico de Machu Picchu,clima,573.0,573,0.8639439790140688
Santuario Histórico de Machu Picchu,costos,674.0,674,0.8920572090131239
Santuario Histórico de Machu Picchu,gastronomia,125.0,125,0.9447356057167053
Santuario Histórico de Machu Picchu,limpieza,141.0,141,0.8676203793667733
Santuario Histórico de Machu Picchu,seguridad,83.0,83,0.8285890828414135
Valle del Colca,accesibilidad,119.0,119,0.9483664982459125
Valle del Colca,aforo_multitudes,56.0,56,0.8599035441875458
Valle del Colca,alojamiento,37.0,37,0.9534691266111426
Valle del Colca,atencion_servicio,59.0,59,0.8953844702849953
Valle del Colca,atractivos,504.0,504,0.9878593776670713
Valle del Colca,clima,95.0,95,0.8719428890629819
Valle del Colca,costos,42.0,42,0.9474158826328459
Valle del Colca,gastronomia,57.0,57,0.9411242792480871
Valle del Colca,limpieza,34.0,34,0.9540350945556865
Valle del Colca,seguridad,14.0,14,0.9081725627183914
